solver,case,grid,gamma,degree,vertices,cells,dofs,iterations,error_final,vortex_area,omega_value,psi_min,final_residual,circulation
solve.py,one_vortex,d_1.5,-5.0,3,5035,9610,43933,19,0.0008617347201939578,0.4964685253316096,-10.071131894333716,-0.2539872745073461,0.13243192980319846,-4.945383160720334
