solver,case,grid,gamma,degree,vertices,cells,dofs,iterations,error_final,vortex_area,omega_value,psi_min,final_residual,circulation
solve.py,one_vortex,d_0.5,-5.0,3,4828,9312,42418,26,0.000801061990865248,0.46459941824520035,-10.761959235517518,-0.23338464985012028,0.1291754945319974,-4.96819002435473
