iteration,A_top,A_bot,omega_top,omega_bot,error
1,0.24809076001303182,0.25207718623488334,-10.076957319445025,9.91759721433308,1.4265627563215293
2,0.0,0.0,0.0,0.0,0.21480289485508694
3,0.0,0.0,0.0,0.0,0.0
