solver,case,grid,gamma,degree,vertices,cells,dofs,iterations,error_final,vortex_area,omega_value,psi_min,final_residual,circulation
solve.py,one_vortex,d_0.2,-5.0,2,4370,8432,17171,48,0.0006983038590043745,0.45260722734846026,-11.04710596269494,-0.22279389929324173,0.19865281817145292,-4.908449454718205
