iteration,A_top,A_bot,omega_top,omega_bot,error
1,0.25010486540116483,0.251601240842474,-9.995807142696059,9.936357991037234,1.4298187599654006
2,0.0,0.0,0.0,0.0,0.22519017878496655
3,0.0,0.0,0.0,0.0,0.0
