iteration,vortex_area,omega_value,error,psi_min,residual_norm
1,0.02336699522472986,-42.79540396112529,0.01078912393112676,-0.06648667610404399,0.0573566997013933
2,0.03094023506287291,-32.320375005811165,0.0037191102011999377,-0.06610260535668727,0.05093538076869049
3,0.03527156236483122,-28.35145179157377,0.002421071531359034,-0.06511250476033204,0.04854072166065599
4,0.038220891357106594,-26.163701695409706,0.0014455967976958217,-0.06357859977741624,0.04724217285774651
5,0.0400297812194132,-24.981400585697706,0.0009353057219410717,-0.06262128050043392,0.04657560447094716
