iteration,vortex_area,omega_value,error,psi_min,residual_norm
1,0.02336699522474569,-42.7954039610963,0.01078912393114689,-0.06648667610397356,0.057356699701399984
2,0.030940235062898447,-32.32037500578449,0.0037191102012047554,-0.06610260535660141,0.050935380768693826
3,0.0352715623648581,-28.35145179155216,0.0024210715313614604,-0.06511250476024485,0.04854072166065806
4,0.03822089135713434,-26.16370169539071,0.0014455967976973686,-0.06357859977732662,0.04724217285774806
5,0.040029781219441944,-24.98140058567977,0.000935305721942188,-0.06262128050034377,0.04657560447094811
