solver,case,grid,gamma,degree,vertices,cells,dofs,iterations,error_final,vortex_area,omega_value,psi_min,final_residual,circulation
solve.py,one_vortex,d_0.5,-1.0,3,4828,9312,42418,5,0.0009353057219410717,0.04123207596921483,-24.252962687268802,-0.06262128050043392,0.04617456341611262,-0.9847659226102682
