iteration,A_top,A_bot,omega_top,omega_bot,error
1,0.2470381017398461,0.26059321481257297,-6.071937848598101,-2.6861789187545138,1.267541084877819
2,0.0,0.0,0.0,0.0,0.24088698879838036
3,0.0,0.0,0.0,0.0,0.0
