solver,case,grid,gamma,degree,vertices,cells,dofs,iterations,error_final,vortex_area,omega_value,psi_min,final_residual,circulation
solve.py,one_vortex,d_1.0,-2.5,2,5156,9910,20221,12,0.0005799332289065141,0.19221086178634628,-13.006549040807577,-0.1438560385544123,0.11384692029130822,-2.4529719609632465
