iteration,vortex_area,omega_value,error,psi_min,residual_norm
1,0.0482993713186559,-20.70420323698384,0.01395217367326098,-0.04254449672102767,0.12905903075436848
2,0.04722231356307197,-21.176429627158374,0.0031319326011435295,-0.05283819292564061,0.12554680409912888
3,0.0466347813818325,-21.443222641321736,0.0022387224808534806,-0.0593664106894969,0.12511910181510555
4,0.049372850127869634,-20.25404645286068,0.002064540832179855,-0.06184829869332623,0.12193471071382347
5,0.051364991094604996,-19.468513060932523,0.0014012320108942123,-0.06272294808901571,0.12040361315430441
6,0.053745077633602624,-18.60635511250574,0.0004217516157051865,-0.060558183145037116,0.11745395808453296
