iteration,vortex_area,omega_value,error,psi_min,residual_norm
1,0.04829937131865476,-20.70420323698433,0.013952173673261408,-0.04254449672102865,0.1290590307543719
2,0.047222313563067705,-21.176429627160285,0.0031319326011436882,-0.052838192925642534,0.12554680409913452
3,0.04663478138182725,-21.443222641324148,0.0022387224808533106,-0.05936641068949962,0.12511910181511057
4,0.049372850127864173,-20.254046452862923,0.002064540832179576,-0.06184829869332863,0.12193471071382575
5,0.05136499109459934,-19.468513060934665,0.0014012320108941203,-0.06272294808901839,0.12040361315430599
6,0.05374507763359677,-18.606355112507767,0.00042175161570518854,-0.06055818314504031,0.1174539580845347
