solver,case,grid,gamma,degree,vertices,cells,dofs,iterations,error_final,vortex_area,omega_value,psi_min,final_residual,circulation
solve.py,one_vortex_refinement,10,-1,2,1409,2614,5431,6,0.0004217516157051865,0.05462800322047047,-18.30562973287069,-0.060558183145037116,0.1167425623073953,-0.9341839952149236
