{
    "5_0.01": -7.635464533284191,
    "5_0.02": -7.58341349578703,
    "5_0.03": -7.40629724861266,
    "5_0.04": -7.195746372779737,
    "5_0.05": -6.974479404000917,
    "5_0.06": -6.7559051325518515,
    "5_0.07": -6.5492438455327635,
    "5_0.08": -6.359776137848369,
    "5_0.09": -6.189619748917875,
    "5_0.10": -6.038788998464866,
    "10_0.01": -7.640742053945262,
    "10_0.02": -7.587910958933631,
    "10_0.03": -7.409954098856586,
    "10_0.04": -7.198998894079256,
    "10_0.05": -6.9775022910402775,
    "10_0.06": -6.758777168613567,
    "10_0.07": -6.552007101252908,
    "10_0.08": -6.362451225973168,
    "10_0.09": -6.192215785236429,
    "10_0.10": -6.041310419198366,
    "20_0.01": -7.641778687525266,
    "20_0.02": -7.588686690215078,
    "20_0.03": -7.410652350637296,
    "20_0.04": -7.199662836041421,
    "20_0.05": -6.978148568480503,
    "20_0.06": -6.759411188900673,
    "20_0.07": -6.552627113182969,
    "20_0.08": -6.363053554994539,
    "20_0.09": -6.192797722661642,
    "20_0.10": -6.041870982689405,
    "cyl_d_0.2_0.01": -2.378503237655035e-06,
    "cyl_d_0.2_0.02": -7.646981111243505e-07,
    "cyl_d_0.2_0.03": -7.85515532493973e-08,
    "cyl_d_0.2_0.04": 4.913397089645506e-07,
    "cyl_d_0.2_0.05": 8.933856849584372e-07,
    "cyl_d_0.2_0.06": 1.1454152205633665e-06,
    "cyl_d_0.2_0.07": 1.296026006702023e-06,
    "cyl_d_0.2_0.08": 1.3874941178783871e-06,
    "cyl_d_0.2_0.09": 1.4486029294427313e-06,
    "cyl_d_0.2_0.10": 1.496931922798832e-06,
    "cyl_d_0.5_0.01": -1.954857298402261e-05,
    "cyl_d_0.5_0.02": -1.5969527549805187e-05,
    "cyl_d_0.5_0.03": -1.654109869454922e-05,
    "cyl_d_0.5_0.04": -1.7812254293372043e-05,
    "cyl_d_0.5_0.05": -1.803153090736006e-05,
    "cyl_d_0.5_0.06": -1.7229072612043122e-05,
    "cyl_d_0.5_0.07": -1.581506888395326e-05,
    "cyl_d_0.5_0.08": -1.4141787652207399e-05,
    "cyl_d_0.5_0.09": -1.2435145442271723e-05,
    "cyl_d_0.5_0.10": -1.0819717758190657e-05,
    "cyl_d_1.0_0.01": -1.5842180264682808e-05,
    "cyl_d_1.0_0.02": -6.392124729362285e-06,
    "cyl_d_1.0_0.03": -3.1884096422043345e-05,
    "cyl_d_1.0_0.04": -4.8750131342155216e-05,
    "cyl_d_1.0_0.05": -5.869521151310921e-05,
    "cyl_d_1.0_0.06": -6.240782752529612e-05,
    "cyl_d_1.0_0.07": -6.145093103344587e-05,
    "cyl_d_1.0_0.08": -5.762499240881489e-05,
    "cyl_d_1.0_0.09": -5.2395728759795784e-05,
    "cyl_d_1.0_0.10": -4.6746182135559526e-05,
    "cyl_d_1.5_0.01": 0.09827151307425451,
    "cyl_d_1.5_0.02": -0.000146107759455864,
    "cyl_d_1.5_0.03": -0.00017037376297416792,
    "cyl_d_1.5_0.04": -0.0001381491268451166,
    "cyl_d_1.5_0.05": -0.00010386196836385461,
    "cyl_d_1.5_0.06": -7.866818535912264e-05,
    "cyl_d_1.5_0.07": -6.171066032972274e-05,
    "cyl_d_1.5_0.08": -4.955065119743342e-05,
    "cyl_d_1.5_0.09": -3.9842175806017316e-05,
    "cyl_d_1.5_0.10": -3.1774578432173725e-05,
    "d_0.2_0.01": -2.1572172859709235,
    "d_0.2_0.02": -2.080698508936799,
    "d_0.2_0.03": -2.0715112054644376,
    "d_0.2_0.04": -2.065282568252806,
    "d_0.2_0.05": -2.0529402361591953,
    "d_0.2_0.06": -2.0347337721795737,
    "d_0.2_0.07": -2.0125572335668007,
    "d_0.2_0.08": -1.9882439911506298,
    "d_0.2_0.09": -1.963207447964806,
    "d_0.2_0.10": -1.938432972207533,
    "d_0.5_0.01": -4.184467984286624,
    "d_0.5_0.02": -3.884450467296916,
    "d_0.5_0.03": -3.7714146040639327,
    "d_0.5_0.04": -3.69118542979638,
    "d_0.5_0.05": -3.616276870531579,
    "d_0.5_0.06": -3.542272211438924,
    "d_0.5_0.07": -3.469794799332071,
    "d_0.5_0.08": -3.400269088155591,
    "d_0.5_0.09": -3.33484314788248,
    "d_0.5_0.10": -3.2741944325639882,
    "d_1.0_0.01": -7.641778687525266,
    "d_1.0_0.02": -7.588686690215078,
    "d_1.0_0.03": -7.410652350637296,
    "d_1.0_0.04": -7.199662836041421,
    "d_1.0_0.05": -6.978148568480503,
    "d_1.0_0.06": -6.759411188900673,
    "d_1.0_0.07": -6.552627113182969,
    "d_1.0_0.08": -6.363053554994539,
    "d_1.0_0.09": -6.192797722661642,
    "d_1.0_0.10": -6.041870982689405,
    "d_1.5_0.01": -14.681648617459786,
    "d_1.5_0.02": -15.085736682248548,
    "d_1.5_0.03": -14.952511581739769,
    "d_1.5_0.04": -14.587725214582393,
    "d_1.5_0.05": -14.09954675211259,
    "d_1.5_0.06": -13.55865587763293,
    "d_1.5_0.07": -13.019173089301537,
    "d_1.5_0.08": -12.51702973349821,
    "d_1.5_0.09": -12.070256588823181,
    "d_1.5_0.10": -11.683601305962096
}