{
    "20_0.01": -7.641778731598964,
    "20_0.02": -7.588686698202672,
    "20_0.03": -7.410652347805778,
    "20_0.04": -7.199662829881203,
    "20_0.05": -6.978148498213995,
    "20_0.06": -6.759411167786274,
    "20_0.07": -6.552627107345849,
    "20_0.08": -6.363053555510533,
    "20_0.09": -6.19279772611269,
    "20_0.10": -6.0418709833888995,
    "d_0.2_0.01": -2.157217286408021,
    "d_0.2_0.02": -2.0806985085029286,
    "d_0.2_0.03": -2.0715111467276532,
    "d_0.2_0.04": -2.065282558185698,
    "d_0.2_0.05": -2.0529402338007707,
    "d_0.2_0.06": -2.0347337724326597,
    "d_0.2_0.07": -2.0125572338013122,
    "d_0.2_0.08": -1.9882439912636107,
    "d_0.2_0.09": -1.9632074480041335,
    "d_0.2_0.10": -1.9384329722143085,
    "d_0.5_0.01": -4.184467981613791,
    "d_0.5_0.02": -3.8844504667864443,
    "d_0.5_0.03": -3.7714146055542135,
    "d_0.5_0.04": -3.6911853163932564,
    "d_0.5_0.05": -3.6162768495856583,
    "d_0.5_0.06": -3.54227220751774,
    "d_0.5_0.07": -3.469794797929721,
    "d_0.5_0.08": -3.4002690875504378,
    "d_0.5_0.09": -3.334843147567558,
    "d_0.5_0.10": -3.2741944310145,
    "d_1.0_0.01": -7.641778731598964,
    "d_1.0_0.02": -7.588686698202672,
    "d_1.0_0.03": -7.410652347805778,
    "d_1.0_0.04": -7.199662829881203,
    "d_1.0_0.05": -6.978148498213995,
    "d_1.0_0.06": -6.759411167786274,
    "d_1.0_0.07": -6.552627107345849,
    "d_1.0_0.08": -6.363053555510533,
    "d_1.0_0.09": -6.19279772611269,
    "d_1.0_0.10": -6.0418709833888995,
    "d_1.5_0.01": -14.681648636201924,
    "d_1.5_0.02": -15.085736684922527,
    "d_1.5_0.03": -14.952511565867644,
    "d_1.5_0.04": -14.587725203640154,
    "d_1.5_0.05": -14.099546747046825,
    "d_1.5_0.06": -13.55865587260173,
    "d_1.5_0.07": -13.019173090330845,
    "d_1.5_0.08": -12.517029732469851,
    "d_1.5_0.09": -12.070256589759323,
    "d_1.5_0.10": -11.68360130124378
}