{
    "20_0.01": {
        "circulation": -7.6418791566773905,
        "psi_min": -0.07032702139265443,
        "reinolds": 200.0
    },
    "20_0.02": {
        "circulation": -7.588430100964231,
        "psi_min": -0.04576139753898069,
        "reinolds": 100.0
    },
    "20_0.03": {
        "circulation": -7.4103454018424335,
        "psi_min": -0.031356197959286944,
        "reinolds": 66.66666666666667
    },
    "20_0.04": {
        "circulation": -7.199377672637572,
        "psi_min": -0.02187773806957466,
        "reinolds": 50.0
    },
    "20_0.05": {
        "circulation": -6.977904687074211,
        "psi_min": -0.015278671329224908,
        "reinolds": 40.0
    },
    "20_0.06": {
        "circulation": -6.759207174445431,
        "psi_min": -0.010530548792804914,
        "reinolds": 33.33333333333333
    },
    "20_0.07": {
        "circulation": -6.552452266018384,
        "psi_min": -0.007081528068729565,
        "reinolds": 28.571428571428573
    },
    "20_0.08": {
        "circulation": -6.362896315769325,
        "psi_min": -0.004617397906374249,
        "reinolds": 25.0
    },
    "20_0.09": {
        "circulation": -6.192649111838513,
        "psi_min": -0.0028981505431775402,
        "reinolds": 22.22222222222222
    },
    "20_0.10": {
        "circulation": -6.041725078243346,
        "psi_min": -0.0017373542891664547,
        "reinolds": 20.0
    },
    "d_0.2_0.01": {
        "circulation": -2.157245787826635,
        "psi_min": -0.0010044504986369564,
        "reinolds": 200.0
    },
    "d_0.2_0.02": {
        "circulation": -2.080714800123664,
        "psi_min": -5.01804534656293e-05,
        "reinolds": 100.0
    },
    "d_0.2_0.03": {
        "circulation": -2.0715181466157713,
        "psi_min": -1.7460214302406832e-07,
        "reinolds": 66.66666666666667
    },
    "d_0.2_0.04": {
        "circulation": -2.0652817449921543,
        "psi_min": 0.0,
        "reinolds": 50.0
    },
    "d_0.2_0.05": {
        "circulation": -2.0529327856612287,
        "psi_min": 0.0,
        "reinolds": 40.0
    },
    "d_0.2_0.06": {
        "circulation": -2.0347205107339494,
        "psi_min": 0.0,
        "reinolds": 33.33333333333333
    },
    "d_0.2_0.07": {
        "circulation": -2.0125387434484754,
        "psi_min": 0.0,
        "reinolds": 28.571428571428573
    },
    "d_0.2_0.08": {
        "circulation": -1.9882207622342507,
        "psi_min": 0.0,
        "reinolds": 25.0
    },
    "d_0.2_0.09": {
        "circulation": -1.9631799558804965,
        "psi_min": 0.0,
        "reinolds": 22.22222222222222
    },
    "d_0.2_0.10": {
        "circulation": -1.9384017018987714,
        "psi_min": 0.0,
        "reinolds": 20.0
    },
    "d_0.5_0.01": {
        "circulation": -4.184571419298249,
        "psi_min": -0.014635583765311483,
        "reinolds": 200.0
    },
    "d_0.5_0.02": {
        "circulation": -3.8844808155693085,
        "psi_min": -0.0049253707265400236,
        "reinolds": 100.0
    },
    "d_0.5_0.03": {
        "circulation": -3.7714145886825254,
        "psi_min": -0.0017212531157491397,
        "reinolds": 66.66666666666667
    },
    "d_0.5_0.04": {
        "circulation": -3.6911693490532635,
        "psi_min": -0.0005768037710678964,
        "reinolds": 50.0
    },
    "d_0.5_0.05": {
        "circulation": -3.616250750369493,
        "psi_min": -0.00017102104510833768,
        "reinolds": 40.0
    },
    "d_0.5_0.06": {
        "circulation": -3.542238382485022,
        "psi_min": -3.9146207015117804e-05,
        "reinolds": 33.33333333333333
    },
    "d_0.5_0.07": {
        "circulation": -3.469754201613009,
        "psi_min": -4.890878132771193e-06,
        "reinolds": 28.571428571428573
    },
    "d_0.5_0.08": {
        "circulation": -3.4002221870754457,
        "psi_min": -8.735881029892132e-08,
        "reinolds": 25.0
    },
    "d_0.5_0.09": {
        "circulation": -3.3347903534506127,
        "psi_min": 0.0,
        "reinolds": 22.22222222222222
    },
    "d_0.5_0.10": {
        "circulation": -3.2741362327817094,
        "psi_min": 0.0,
        "reinolds": 20.0
    },
    "d_1.0_0.01": {
        "circulation": -7.6418791566773905,
        "psi_min": -0.07032702139265443,
        "reinolds": 200.0
    },
    "d_1.0_0.02": {
        "circulation": -7.588430100964231,
        "psi_min": -0.04576139753898069,
        "reinolds": 100.0
    },
    "d_1.0_0.03": {
        "circulation": -7.4103454018424335,
        "psi_min": -0.031356197959286944,
        "reinolds": 66.66666666666667
    },
    "d_1.0_0.04": {
        "circulation": -7.199377672637572,
        "psi_min": -0.02187773806957466,
        "reinolds": 50.0
    },
    "d_1.0_0.05": {
        "circulation": -6.977904687074211,
        "psi_min": -0.015278671329224908,
        "reinolds": 40.0
    },
    "d_1.0_0.06": {
        "circulation": -6.759207174445431,
        "psi_min": -0.010530548792804914,
        "reinolds": 33.33333333333333
    },
    "d_1.0_0.07": {
        "circulation": -6.552452266018384,
        "psi_min": -0.007081528068729565,
        "reinolds": 28.571428571428573
    },
    "d_1.0_0.08": {
        "circulation": -6.362896315769325,
        "psi_min": -0.004617397906374249,
        "reinolds": 25.0
    },
    "d_1.0_0.09": {
        "circulation": -6.192649111838513,
        "psi_min": -0.0028981505431775402,
        "reinolds": 22.22222222222222
    },
    "d_1.0_0.10": {
        "circulation": -6.041725078243346,
        "psi_min": -0.0017373542891664547,
        "reinolds": 20.0
    },
    "d_1.5_0.01": {
        "circulation": -14.685422973516124,
        "psi_min": -0.191688385386653,
        "reinolds": 200.0
    },
    "d_1.5_0.02": {
        "circulation": -15.08759189791675,
        "psi_min": -0.220858819554502,
        "reinolds": 100.0
    },
    "d_1.5_0.03": {
        "circulation": -14.953173641854438,
        "psi_min": -0.2134663577274561,
        "reinolds": 66.66666666666667
    },
    "d_1.5_0.04": {
        "circulation": -14.58745052183229,
        "psi_min": -0.18395367746422758,
        "reinolds": 50.0
    },
    "d_1.5_0.05": {
        "circulation": -14.0986573700796,
        "psi_min": -0.15167795820459312,
        "reinolds": 40.0
    },
    "d_1.5_0.06": {
        "circulation": -13.557574276926541,
        "psi_min": -0.12181727048242606,
        "reinolds": 33.33333333333333
    },
    "d_1.5_0.07": {
        "circulation": -13.018192077619721,
        "psi_min": -0.09541430141184337,
        "reinolds": 28.571428571428573
    },
    "d_1.5_0.08": {
        "circulation": -12.516242163909181,
        "psi_min": -0.07294189353042571,
        "reinolds": 25.0
    },
    "d_1.5_0.09": {
        "circulation": -12.069641601620082,
        "psi_min": -0.054572388804319055,
        "reinolds": 22.22222222222222
    },
    "d_1.5_0.10": {
        "circulation": -11.683107990327818,
        "psi_min": -0.040062317184125645,
        "reinolds": 20.0
    }
}