solver,case,grid,gamma,degree,vertices,cells,dofs,iterations,error_final,vortex_area,omega_value,psi_min,final_residual,circulation
solve.py,one_vortex,d_0.5,-2.5,2,4828,9312,18967,16,0.0004617015825357083,0.16985533757244123,-14.718407061737347,-0.13342874755715933,0.11807518843286209,-2.4589111451771144
