iteration,vortex_area,omega_value,error,psi_min,residual_norm
1,0.04787514170902553,-20.88766663246195,0.01381841709254743,-0.04254952928084031,0.11528443357386682
2,0.04675512078898912,-21.388031580821004,0.0029376887130653415,-0.05159919831321304,0.10787533564340694
3,0.04572768068144938,-21.868592176503626,0.0032237813876702824,-0.061492719968370586,0.11051000448314716
4,0.04918329476753686,-20.33210675955048,0.002233734609758947,-0.06328174761301437,0.10802269793702082
5,0.051814822230879846,-19.299496880335422,0.001461909017942773,-0.06361955990437121,0.10590924750433114
6,0.053834012444193176,-18.575617060620296,0.0009743750919214705,-0.06302507868217387,0.10499816396569883
