iteration,vortex_area,omega_value,error,psi_min,residual_norm
1,0.023692423449557277,-42.20758598752321,0.010426903175537808,-0.06381179787876948,0.08354984535204468
2,0.030240102096320217,-33.06867142229938,0.004000002151452923,-0.06680220453727355,0.07694439442128942
3,0.03489772242502267,-28.655165165821003,0.002728446731072168,-0.06614395957009471,0.07315119794583871
4,0.03848428869153192,-25.98462993600918,0.001355440667839801,-0.06309650981182276,0.07018414645023577
5,0.039922340473258544,-25.048631621932007,0.0010018274637591544,-0.06304708388200388,0.06987870493537293
6,0.041275494144712634,-24.227450711891706,0.0006590678206266045,-0.062115086338316895,0.06931773528583815
