iteration,vortex_area,omega_value,error,psi_min,residual_norm
1,0.023692423449572737,-42.20758598749567,0.01042690317554445,-0.0638117978787499,0.08354984535205204
2,0.03024010209634546,-33.06867142227178,0.00400000215145546,-0.06680220453725197,0.07694439442129716
3,0.03489772242504925,-28.655165165799175,0.002728446731072877,-0.06614395957006848,0.07315119794584492
4,0.038484288691559836,-25.984629935990334,0.0013554406678396584,-0.06309650981179869,0.07018414645023939
5,0.03992234047328711,-25.048631621914083,0.0010018274637594354,-0.06304708388197858,0.06987870493537558
6,0.04127549414474174,-24.22745071187462,0.0006590678206269279,-0.06211508633829164,0.06931773528584069
