solver,case,grid,gamma,degree,vertices,cells,dofs,iterations,error_final,vortex_area,omega_value,psi_min,final_residual,circulation
solve.py,one_vortex,d_0.5,-1.0,2,4828,9312,18967,6,0.0006590678206266045,0.04253757260130747,-23.508628698038663,-0.062115086338316895,0.0686741707780551,-0.9703556675874314
