iteration,A_top,A_bot,omega_top,omega_bot,error
1,0.23273813533581994,0.2662022811988414,-10.74168612888785,9.391354532129686,1.3699930850471471
2,0.0,0.0,0.0,0.0,0.22592812981712768
3,0.0,0.0,0.0,0.0,0.0
