solver,case,grid,gamma,degree,vertices,cells,dofs,iterations,error_final,vortex_area,omega_value,psi_min,final_residual,circulation
solve.py,one_vortex,d_1.0,-2.5,1,5156,9910,5156,11,0.0009346445760526866,0.19362269473555282,-12.911709566972329,-0.14578335284893687,0.19269615990425829,-2.3786707223274948
