iteration,vortex_area,omega_value,error,psi_min,residual_norm
1,0.02355157833372422,-42.45999931851997,0.01038043823380914,-0.06470698343693562,0.13929567143077126
2,0.03029459097400523,-33.009192989536196,0.004920361340049385,-0.06933457117762168,0.12992359006717064
3,0.03663885843971322,-27.293426776531064,0.0019206887350529563,-0.06305819070155946,0.11841844790172643
4,0.03875208698686961,-25.80506181096338,0.0011897688743626234,-0.06258035124843753,0.11646932397581429
5,0.03992990162693789,-25.043888395792354,0.0005327720297138882,-0.06170333479282562,0.11557575336969918
