iteration,vortex_area,omega_value,error,circulation
1,0.02355157833372422,-42.45999931851997,0.01038043823380914,-1.0
2,0.03029459097400523,-33.009192989536196,0.004920361340049385,-1.0
3,0.03663885843971322,-27.293426776531064,0.0019206887350529563,-1.0
4,0.03875208698686961,-25.80506181096338,0.0011897688743626234,-1.0
5,0.03992990162693789,-25.043888395792354,0.0005327720297138882,-1.0
6,0.04079495741800241,-24.51283352875152,0.0004422932421977129,-1.0
7,0.041589249781211125,-24.04467513265345,0.0003349314278695564,-1.0
8,0.04162314537759482,-24.02509447395791,1.9415854032055293e-05,-1.0
9,0.04162314537759482,-24.02509447395791,0.0,-1.0
