iteration,vortex_area,omega_value,error,psi_min
1,0.023551578333708172,-42.459999318548896,0.010380438233802419,-0.0647069834369635
2,0.030294590973979654,-33.00919298956406,0.004920361340047261,-0.06933457117763864
3,0.03663885843968565,-27.293426776551602,0.0019206887350527442,-0.06305819070157624
4,0.038752086986841815,-25.80506181098189,0.0011897688743619603,-0.06258035124845424
5,0.03992990162690916,-25.04388839581037,0.0005327720297141238,-0.06170333479284374
6,0.04079495741797343,-24.51283352876893,0.0004422932421976325,-0.060833370320232165
7,0.04158924978118179,-24.04467513267041,0.0003349314278695263,-0.05907239920747285
8,0.04162314537756553,-24.025094473974818,1.9415854032078655e-05,-0.05899174642683884
9,0.04162314537756553,-24.025094473974818,0.0,-0.05899174642683884
