solver,case,grid,gamma,degree,vertices,cells,dofs,iterations,error_final,vortex_area,omega_value,psi_min,final_residual,circulation
solve.py,one_vortex,d_0.5,-1.0,1,4828,9312,4828,5,0.0005327720297141238,0.04079495741797343,-24.51283352876893,-0.06170333479284374,0.11527530261074362,-0.9195581962783701
