iteration,A_top,A_bot,omega_top,omega_bot,error
1,0.2511551159310505,0.2545891714186242,-19.908015735473402,19.639484162421176,1.506451301589409
2,0.0,0.0,0.0,0.0,0.5341709553329399
3,0.0,0.0,0.0,0.0,0.0
