solver,case,grid,gamma,degree,vertices,cells,dofs,iterations,error_final,vortex_area,omega_value,psi_min,final_residual,circulation
solve.py,one_vortex_refinement,10,-1,3,1409,2614,12067,6,0.0009298828205915293,0.05584672997860078,-17.906151360754293,-0.06292089407127964,0.07938002890666972,-0.9579658977009761
