solver,case,grid,gamma,degree,vertices,cells,dofs,iterations,error_final,vortex_area,omega_value,psi_min,final_residual,circulation
solve.py,one_vortex,d_0.5,-5.0,1,4828,9312,4828,23,0.0006610653782579215,0.46103532062235225,-10.845156057133524,-0.23820857683870297,0.32782690421093197,-4.783595723403875
