iteration,A_top,A_bot,omega_top,omega_bot,error
1,0.24645515111305702,0.257086431978592,-20.28766685305083,19.448712098569086,1.4890987064103662
2,0.0,0.0,0.0,0.0,0.49263286279366125
3,0.0,0.0,0.0,0.0,0.0
