iteration,vortex_area,omega_value,error,psi_min,residual_norm
1,0.0501004470288118,-19.95990174348982,0.012057588698256754,-0.0412213427453618,0.3191898981501134
2,0.04390307220031017,-22.777449273650948,0.0036425436149335436,-0.05179955371060023,0.3040951240196402
3,0.04326813991765317,-23.111693775216004,0.001710262267639138,-0.05577181958902891,0.31315936038939374
4,0.04505570152213458,-22.19474930400825,0.0007647355456334789,-0.05226980641514163,0.3007349250836639
