iteration,vortex_area,omega_value,error,psi_min,residual_norm
1,0.050100447028811806,-19.959901743489816,0.01205758869825676,-0.04122134274536177,0.3191898981501133
2,0.04390307220031017,-22.777449273650948,0.0036425436149335557,-0.051799553710600174,0.3040951240196401
3,0.04326813991765317,-23.111693775216004,0.0017102622676391382,-0.05577181958902887,0.3131593603893936
4,0.04505570152213459,-22.194749304008248,0.0007647355456334674,-0.05226980641514159,0.3007349250836638
