solver,case,grid,gamma,degree,vertices,cells,dofs,iterations,error_final,vortex_area,omega_value,psi_min,final_residual,circulation
solve.py,one_vortex,d_1.5,-2.5,2,5035,9610,19679,10,0.000841370233245006,0.20525253655548434,-12.180117439494806,-0.14957965256435618,0.11313125278910292,-2.4665109336636224
