solver,case,grid,gamma,degree,vertices,cells,dofs,iterations,error_final,vortex_area,omega_value,psi_min,circulation
solve.py,one_vortex,d_1.5,-2.5,2,5035,9610,19679,100,0.00018995892765867627,0.20690382716979824,-12.082908442038356,-0.1465445890299822,-2.4536412824159908
