solver,case,grid,gamma,degree,vertices,cells,dofs,iterations,error_final,vortex_area,omega_value,psi_min,final_residual,circulation
solve.py,one_vortex,d_1.5,-1.0,3,5035,9610,43933,7,0.0005718397592245913,0.0651901129318172,-15.3397494654735,-0.06443428179378316,0.03889770294118474,-0.9850833349977492
