iteration,A_top,A_bot,omega_top,omega_bot,error
1,0.2511551159310505,0.2545891714186242,-5.972404720642021,-2.749527782738965,1.233682116509472
2,0.0,0.0,0.0,0.0,0.2905437352522139
3,0.0,0.0,0.0,0.0,0.0
