iteration,A_top,A_bot,omega_top,omega_bot,error
1,0.24809076001303182,0.25207718623488334,-6.046174391667015,-2.776927220013262,1.269524430907324
2,0.0,0.0,0.0,0.0,0.24030686081801508
3,0.0,0.0,0.0,0.0,0.0
