solver,case,grid,gamma,degree,vertices,cells,dofs,iterations,error_final,vortex_area,omega_value,psi_min,final_residual,circulation
solve.py,one_vortex,d_0.5,-5.0,2,4828,9312,18967,29,0.0009829987165427924,0.46522425420268887,-10.747505003945044,-0.23096475999776875,0.19406972473704617,-4.92287440547826
