iteration,A_top,A_bot,omega_top,omega_bot,error
1,0.2308893903875766,0.28393552427678664,-10.827695442408325,8.804815834044579,1.3684339093942224
2,0.0,0.0,0.0,0.0,0.2573714771346295
3,0.0,0.0,0.0,0.0,0.0
