solver,case,grid,gamma,degree,vertices,cells,dofs,iterations,error_final,vortex_area,omega_value,psi_min,final_residual,circulation
solve.py,one_vortex,d_1.5,-2.5,3,5035,9610,43933,10,0.0008705089530420383,0.20498892662102527,-12.195780724399288,-0.149465673486644,0.07518929811626997,-2.4735523279851406
