solver,case,grid,gamma,degree,vertices,cells,dofs,iterations,error_final,vortex_area,omega_value,psi_min,circulation
solve.py,one_vortex,d_0.2,-5.0,1,4370,8432,4370,100,0.000546072782764374,0.45138843333251183,-11.076934256126117,-0.22628109752106784,-4.768601748794917
