solver,case,grid,gamma,degree,vertices,cells,dofs,iterations,error_final,vortex_area,omega_value,psi_min,final_residual,circulation
solve.py,one_vortex,d_0.2,-5.0,1,4370,8432,4370,46,0.0006484394100969245,0.45138843333251183,-11.076934256126117,-0.22628109752106784,0.33568832311448676,-4.768601748794917
