solver,case,grid,gamma,degree,vertices,cells,dofs,iterations,error_final,vortex_area,omega_value,psi_min,final_residual,circulation
solve.py,one_vortex,20,-5.0,3,5156,9910,45196,20,0.0007628371905103052,0.48006690629878024,-10.415214909415438,-0.2493956735179098,0.12889587915112874,-4.980080825647494
