iteration,A_top,A_bot,omega_top,omega_bot,error
1,0.23695327471382804,0.2539155756567282,-4.220241316384906,3.9383168890431253,1.3982198969165263
2,0.0,0.0,0.0,0.0,0.09983191902356135
3,0.0,0.0,0.0,0.0,0.0
