solver,case,grid,gamma,degree,vertices,cells,dofs,iterations,error_final,vortex_area,omega_value,psi_min,final_residual,circulation
solve.py,one_vortex,d_0.5,-2.5,3,4828,9312,42418,15,0.0008518962871610188,0.16953164507601517,-14.746509413502368,-0.13434157604219127,0.07863454731214979,-2.4838703610249864
