iteration,vortex_area,omega_value,error,psi_min,residual_norm
1,0.07079290970593212,-14.125708409979433,0.025827439950524948,-0.03219838187946843,0.10457138729487145
2,0.04598465152784251,-21.7463863870867,0.006049083410174553,-0.061524831396563215,0.10982394874008594
3,0.05216854373681161,-19.168639344141237,0.003215851315890215,-0.06405578143073186,0.10292373411107053
4,0.05625949151844404,-17.77477849532574,0.002343709314533438,-0.06525587789102276,0.10139660272087408
5,0.05955713185164328,-16.79060036824806,0.002072494555934916,-0.06605657922664111,0.1006667528261707
6,0.06262780415237136,-15.967348904123053,0.0009041515843920729,-0.06483434664076845,0.09860945688746417
