solver,case,grid,gamma,degree,vertices,cells,dofs,iterations,error_final,vortex_area,omega_value,psi_min,final_residual,circulation
solve.py,one_vortex,d_1.5,-1.0,1,5035,9610,5035,6,0.0009041515843920799,0.06401918779974018,-15.620316882621532,-0.06483434664076841,0.09834735277779585,-0.9328064916289333
