iteration,vortex_area,omega_value,error,psi_min,residual_norm
1,0.008209357692605244,-121.81220960816113,0.013251039803153501,-0.1044447365086604,0.1251022675459324
2,0.0160189573231766,-62.42603559179078,0.0056675737534399185,-0.08356037494945955,0.096289164123052
3,0.02119133839619911,-47.18909118922666,0.0036858392635283938,-0.07566085986100486,0.08744788067056995
4,0.02506295410406597,-39.899526442406476,0.0021514461365263536,-0.06938721522295238,0.08234037044281996
5,0.02751691349039435,-36.34128516445283,0.0016082404101590737,-0.06628619505631729,0.08026224304961699
6,0.02965602920292507,-33.71995600481021,0.0010434306220123393,-0.06241104798941841,0.07795905844088877
7,0.030676086859723898,-32.59868198224943,0.0006097361256387318,-0.06024904675124475,0.07694871981530949
