iteration,vortex_area,omega_value,error,psi_min,residual_norm
1,0.008209357692605376,-121.81220960815916,0.013251039803153486,-0.10444473650865711,0.12510226754593007
2,0.016018957323177034,-62.42603559178909,0.005667573753440301,-0.08356037494945581,0.09628916412305187
3,0.021191338396199903,-47.18909118922489,0.003685839263528118,-0.07566085986099921,0.0874478806705685
4,0.025062954104068606,-39.899526442402276,0.0021514461365297307,-0.06938721522295033,0.0823403704428258
5,0.027516913490406695,-36.34128516443652,0.0016082404101671192,-0.06628619505630956,0.08026224304962565
6,0.029656029202936685,-33.719956004797,0.0010434306220157713,-0.062411047989438556,0.07795905844090414
7,0.03067608685973541,-32.5986819822372,0.0006097361256381465,-0.06024904675128618,0.07694871981531712
