solver,case,grid,gamma,degree,vertices,cells,dofs,iterations,error_final,vortex_area,omega_value,psi_min,final_residual,circulation
solve.py,one_vortex,d_0.2,-1.0,2,4370,8432,17171,7,0.0006097361256387318,0.031326980101530934,-31.92136607994112,-0.06024904675124475,0.0763550933528466,-0.9693621077855719
