solver,case,grid,gamma,degree,vertices,cells,dofs,iterations,error_final,vortex_area,omega_value,psi_min,final_residual,circulation
solve.py,one_vortex,20,-1.0,2,5156,9910,20221,6,0.0008051593747847676,0.055030129124660994,-18.17186359375384,-0.06263138098371954,0.06258522468773,-0.9755669994313554
