solver,case,grid,gamma,degree,vertices,cells,dofs,iterations,error_final,vortex_area,omega_value,psi_min,final_residual,circulation
solve.py,one_vortex,d_1.0,-5.0,1,5156,9910,5156,19,0.0007204297687659313,0.48312986439770567,-10.349184284505482,-0.25123325202968794,0.3278323211858347,-4.791567603723952
