iteration,A_top,A_bot,omega_top,omega_bot,error
1,0.2511551159310505,0.2545891714186242,-9.954007867736701,9.819742081210588,1.4345960543792087
2,0.0,0.0,0.0,0.0,0.2670854776664701
3,0.0,0.0,0.0,0.0,0.0
