iteration,A_top,A_bot,omega_top,omega_bot,error
1,0.23695327471382804,0.2539155756567282,-21.101206581924533,19.691584445215625,1.4634482817512326
2,0.0,0.0,0.0,0.0,0.49915959511780716
3,0.0,0.0,0.0,0.0,0.0
