iteration,A_top,A_bot,omega_top,omega_bot,error
1,0.23273813533581994,0.2662022811988414,-6.445011677332709,-2.629579268996312,1.2224915095973785
2,0.0,0.0,0.0,0.0,0.251866824248379
3,0.0,0.0,0.0,0.0,0.0
