iteration,A_top,A_bot,omega_top,omega_bot,error
1,0.2477145273608598,0.2610284398894563,-20.184524715888852,19.15500089613785,1.462521916080915
2,0.0,0.0,0.0,0.0,0.44742109179545525
3,0.0,0.0,0.0,0.0,0.0
