iteration,vortex_area,omega_value,error,psi_min,residual_norm
1,0.008004033486502356,-124.93700853280477,0.01298369574991424,-0.10366554111185483,0.20657698247350137
2,0.015625801884012896,-63.99671565163783,0.005757118343730596,-0.08444393395780361,0.15910888015546923
3,0.02102021788758225,-47.5732461646248,0.004325124193088355,-0.07718949282488913,0.14737886416224577
4,0.025713939769732675,-38.889412083677605,0.002574411812108894,-0.07009400361403095,0.1375215425097199
5,0.028636328535032972,-34.920677725031155,0.001121525752301506,-0.06339768966781506,0.1307862189286787
6,0.029783568607590034,-33.57556017465148,0.0006639347262839983,-0.0606489077350425,0.12883655484976872
