iteration,vortex_area,omega_value,error,psi_min,residual_norm
1,0.008004033486502457,-124.93700853280319,0.012983695749914089,-0.10366554111185286,0.20657698247349726
2,0.01562580188401332,-63.996715651636094,0.00575711834373076,-0.08444393395780167,0.1591088801554698
3,0.02102021788758267,-47.57324616462385,0.004325124193088931,-0.07718949282488902,0.1473788641622482
4,0.025713939769737824,-38.88941208366982,0.002574411812113008,-0.07009400361402623,0.13752154250971993
5,0.02863632853504553,-34.92067772501584,0.001121525752306395,-0.06339768966781982,0.13078621892869782
6,0.02978356860760171,-33.57556017463832,0.0006639347262844478,-0.06064890773506976,0.12883655484979828
