solver,case,grid,gamma,degree,vertices,cells,dofs,iterations,error_final,vortex_area,omega_value,psi_min,final_residual,circulation
solve.py,one_vortex,d_0.2,-1.0,1,4370,8432,4370,6,0.0006639347262844478,0.03051356112686133,-32.772313786727835,-0.06064890773506976,0.12729973259996952,-0.9072098829456792
