solver,case,grid,gamma,degree,vertices,cells,dofs,iterations,error_final,vortex_area,omega_value,psi_min,final_residual,circulation
solve.py,one_vortex,d_0.2,-1.0,1,4370,8432,4370,100,7.335977042594464e-05,0.031152887014276234,-32.09975369350958,-0.052761077312601434,0.12738201199142907,-0.91328857036242
