iteration,vortex_area,omega_value,error,psi_min,residual_norm
1,0.04700586474907587,-21.273941141986114,0.01371971363224702,-0.04404381715893358,0.24152484301652705
2,0.04737535416632813,-21.108021620041978,0.0032549559669223945,-0.05393330990404633,0.22433367667692858
3,0.04775470341373032,-20.94034573592352,0.002655985632856908,-0.06029669883450108,0.21854998401572015
4,0.05015431380795581,-19.938464392695437,0.001759065582245548,-0.06284129037241236,0.21283305453666648
5,0.05015431380795581,-19.938464392695437,0.0008043005265789625,-0.06431809045644288,0.21482164611271742
