iteration,vortex_area,omega_value,error,psi_min,residual_norm
1,0.04700586474907588,-21.27394114198611,0.013719713632247006,-0.04404381715893349,0.24152484301652696
2,0.047375354166328126,-21.10802162004198,0.003254955966922407,-0.05393330990404631,0.22433367667692866
3,0.04775470341373032,-20.94034573592352,0.0026559856328569036,-0.06029669883450105,0.21854998401572012
4,0.05015431380795582,-19.938464392695433,0.0017590655822455508,-0.06284129037241233,0.21283305453666646
5,0.05015431380795582,-19.938464392695433,0.0008043005265789822,-0.06431809045644285,0.21482164611271737
