solver,case,grid,gamma,degree,vertices,cells,dofs,iterations,error_final,vortex_area,omega_value,psi_min,final_residual,circulation
solve.py,one_vortex,d_0.2,-2.5,1,4370,8432,4370,100,0.0011983574216985688,0.15336239336293878,-16.301258380101316,-0.12389865754290201,0.21137302614096806,-2.348341197814876
