solver,case,grid,gamma,degree,vertices,cells,dofs,iterations,error_final,vortex_area,omega_value,psi_min,circulation
solve.py,one_vortex,d_0.2,-2.5,1,4370,8432,4370,100,0.0011983574217034065,0.15336239336265153,-16.301258380131845,-0.1238986575428029,-2.348341197815056
