iteration,A_top,A_bot,omega_top,omega_bot,error
1,0.24645515111305702,0.257086431978592,-6.086300055915249,-2.722819693799672,1.252289773253959
2,0.0,0.0,0.0,0.0,0.2657414351857958
3,0.0,0.0,0.0,0.0,0.0
