solver,case,grid,gamma,degree,vertices,cells,dofs,iterations,error_final,vortex_area,omega_value,psi_min,final_residual,circulation
solve.py,one_vortex,d_1.5,-5.0,2,5035,9610,19679,19,0.0004464148248606024,0.4954227441999726,-10.092390909654721,-0.25383044207656574,0.1988534690630952,-4.919558040788387
