iteration,A_top,A_bot,omega_top,omega_bot,error
1,0.23695327471382804,0.2539155756567282,-6.330361974577359,-2.7568218223301875,1.234743134966223
2,0.0,0.0,0.0,0.0,0.27019036802798024
3,0.0,0.0,0.0,0.0,0.0
