solver,case,grid,gamma,degree,vertices,cells,dofs,iterations,error_final,vortex_area,omega_value,psi_min,final_residual,circulation
solve.py,one_vortex,d_1.5,-2.5,1,5035,9610,5035,11,0.00040359265577187304,0.20649355887709644,-12.106915167692872,-0.14933110570077737,0.19105089467995162,-2.3773796579760265
