iteration,A_top,A_bot,omega_top,omega_bot,error
1,0.2328868496491941,0.25885332745005346,-4.293930728619226,3.863191599084053,1.3952059028500898
2,0.0,0.0,0.0,0.0,0.109910936309933
3,0.0,0.0,0.0,0.0,0.0
