solver,case,grid,gamma,degree,vertices,cells,dofs,iterations,error_final,vortex_area,omega_value,psi_min,final_residual,circulation
solve.py,one_vortex,d_1.5,-5.0,1,5035,9610,5035,16,0.000992557871537302,0.49609115666475495,-10.078792844474883,-0.2589483448603801,0.33596011565257095,-4.782954263873015
