solver,case,grid,gamma,degree,vertices,cells,dofs,iterations,error_final,vortex_area,omega_value,psi_min,final_residual,circulation
solve.py,one_vortex,d_0.2,-5.0,3,4370,8432,38404,43,0.0009925897310931139,0.4567427055973701,-10.947082326056067,-0.2232631209016773,0.13199889463805345,-4.9319452034883025
