iteration,A_top,A_bot,omega_top,omega_bot,error
1,0.23695327471382804,0.2539155756567282,-10.550603290962266,9.845792222607813,1.4098379631659097
2,0.0,0.0,0.0,0.0,0.2495797975589036
3,0.0,0.0,0.0,0.0,0.0
