iteration,vortex_area,omega_value,error,psi_min,residual_norm
1,0.047107769386692935,-21.227920850832756,0.013996233971388617,-0.044961698100582266,0.16904263833467403
2,0.04727004157983157,-21.155048029969663,0.0026896992484308274,-0.05196717360890293,0.15614195822754062
3,0.04567400234681354,-21.894293221924425,0.00336008490314469,-0.06287166015642683,0.15572708361934293
4,0.048802889569605795,-20.49058997979487,0.00282441235528781,-0.06557945751377656,0.1536910321014395
5,0.05015431380795581,-19.938464392695437,0.0007851089804929357,-0.0654362732831785,0.15329277849916073
6,0.052782032019366106,-18.945841259637234,0.0006060836137013334,-0.06161147038109213,0.14852910511583928
7,0.052782032019366106,-18.945841259637234,0.0,-0.06161147038109213,0.14852910511583928
