iteration,vortex_area,omega_value,error,circulation
1,0.04710776938669294,-21.227920850832753,0.013996233971388262,-1.0
2,0.04727004157983158,-21.155048029969663,0.0026896992484308655,-1.0
3,0.045674002346813534,-21.89429322192443,0.0033600849031448755,-1.0
4,0.0488028895696058,-20.490589979794866,0.002824412355287958,-1.0
5,0.05015431380795582,-19.938464392695433,0.0007851089804929802,-1.0
6,0.052782032019366106,-18.945841259637234,0.0006060836137013478,-1.0
7,0.052782032019366106,-18.945841259637234,0.0,-1.0
