solver,case,grid,gamma,degree,vertices,cells,dofs,iterations,error_final,vortex_area,omega_value,psi_min,final_residual,circulation
solve.py,one_vortex_refinement,5,-1,3,423,742,3493,5,0.0007851089804929802,0.052782032019366106,-18.945841259637234,-0.06543627328317532,0.15029207813723952,-0.9280436674314848
