iteration,A_top,A_bot,omega_top,omega_bot,error
1,0.2328868496491941,0.25885332745005346,-6.440896092928838,-2.704234119358837,1.216422702288078
2,0.0,0.0,0.0,0.0,0.3026692336361061
3,0.0,0.0,0.0,0.0,0.0
