solver,case,grid,gamma,degree,vertices,cells,dofs,iterations,error_final,vortex_area,omega_value,psi_min,final_residual,circulation
solve.py,one_vortex,d_0.2,-2.5,3,4370,8432,38404,21,0.0008575814126389582,0.15439732084079674,-16.191990809075097,-0.12274628962528963,0.0832540401977741,-2.4646051310543826
