iteration,vortex_area,omega_value,error,psi_min,residual_norm
1,0.04810162693732829,-20.78931761087628,0.013617218286448327,-0.03958611049902106,0.20149649412272624
2,0.04465912294004588,-22.391841446203124,0.0029937099432033962,-0.05098945676281228,0.19350747175567257
3,0.04404578180998056,-22.70364967783146,0.0037921228745904693,-0.062256385511353096,0.20168319132114
4,0.04790930106309989,-20.87277371637984,0.0051299890569357,-0.07030581111829724,0.20737624998852777
5,0.056003444083276184,-17.856044683841528,0.001482204708090903,-0.05945435987952634,0.18481893376177355
6,0.053892301686931876,-18.555525904407343,0.0009562972726001414,-0.06330807212225975,0.1920589119126092
