iteration,A_top,A_bot,omega_top,omega_bot,error
1,0.24085293965560278,0.26678102076743965,-20.759555632368585,18.741962923811727,1.4162023136060085
2,0.0,0.0,0.0,0.0,0.4289000261950376
3,0.0,0.0,0.0,0.0,0.0
