iteration,vortex_area,omega_value,error,psi_min,residual_norm
1,0.070115841847912,-14.262112151047065,0.02605936014143029,-0.032369408975308885,0.06643308675651172
2,0.04749638730898814,-21.054232893430225,0.005856176258690099,-0.05858343964855007,0.06505897792147745
3,0.050331157250742956,-19.868408648307778,0.0037438567480945835,-0.06573475918472085,0.06323740226898218
4,0.055356230271008125,-18.064813935202753,0.0028818702492688377,-0.06697813246654455,0.061491563064586266
5,0.059824128281557316,-16.71566354119834,0.0017313426816679437,-0.06585621501447851,0.05974105145276605
6,0.06204625765106432,-16.117007501464457,0.0011968978159666221,-0.06588245353593644,0.05933819537070016
7,0.06448184692399116,-15.508240655370239,0.00036714888525622583,-0.06334550782953954,0.05787481983663224
