iteration,vortex_area,omega_value,error,psi_min,residual_norm
1,0.07011584184791207,-14.26211215104705,0.026059360141430586,-0.03236940897530968,0.06643308675651169
2,0.04749638730898816,-21.054232893430214,0.0058561762586900445,-0.058583439648550874,0.06505897792147741
3,0.050331157250742976,-19.868408648307767,0.0037438567480944348,-0.06573475918472169,0.06323740226898217
4,0.055356230271008146,-18.064813935202746,0.002881870249268807,-0.06697813246654526,0.061491563064586245
5,0.05982412828155732,-16.715663541198335,0.0017313426816679307,-0.06585621501447932,0.059741051452765995
6,0.06204625765106433,-16.117007501464453,0.0011968978159665714,-0.06588245353593722,0.05933819537070015
7,0.06448184692399117,-15.508240655370235,0.0003671488852562203,-0.06334550782954033,0.057874819836632216
