solver,case,grid,gamma,degree,vertices,cells,dofs,iterations,error_final,vortex_area,omega_value,psi_min,circulation
solve.py,one_vortex,d_1.5,-1.0,2,5035,9610,19679,100,7.059545098111164e-05,0.06515902122763002,-15.347069080527564,-0.06288207748412501,-0.9761193220586223
