solver,case,grid,gamma,degree,vertices,cells,dofs,iterations,error_final,vortex_area,omega_value,psi_min,final_residual,circulation
solve.py,one_vortex,d_1.5,-1.0,2,5035,9610,19679,7,0.00036714888525622583,0.06495250046554704,-15.395866099572766,-0.06334550782953954,0.057783646595710836,-0.9673210133769654
