iteration,vortex_area,omega_value,error,psi_min,residual_norm
1,0.04757247295410575,-21.02055953586274,0.014249618079228341,-0.04348200954465176,0.04750067313181869
2,0.04713064121477537,-21.217619243561273,0.0028269240004999844,-0.05205969713192672,0.044802249783761065
3,0.046847266581448686,-21.345962592319008,0.0027512084596093642,-0.059879912053621365,0.04434177771029513
4,0.0491755019094023,-20.33532879526749,0.0022455974280485985,-0.0628555917146023,0.04349032110029296
5,0.0517985214333052,-19.305570358559002,0.0015509085517174362,-0.06337854344288049,0.04263939311168116
6,0.05394367984163776,-18.537852866836225,0.0009725889689897939,-0.06306072116314487,0.04201612314975544
