iteration,A_top,A_bot,omega_top,omega_bot,error
1,0.2477145273608598,0.2610284398894563,-10.092262357944426,9.577500448068925,1.4182466021638318
2,0.0,0.0,0.0,0.0,0.2237105458977275
3,0.0,0.0,0.0,0.0,0.0
