solver,case,grid,gamma,degree,vertices,cells,dofs,iterations,error_final,vortex_area,omega_value,psi_min,final_residual,circulation
solve.py,one_vortex,d_1.0,-5.0,2,5156,9910,20221,23,0.0009856209028604385,0.4838135263947905,-10.334560170853953,-0.24598064954911725,0.1934123837014921,-4.928550715502408
