iteration,A_top,A_bot,omega_top,omega_bot,error
1,0.23189015407106453,0.2797972751412174,-6.4685799447108625,-2.5018113548343197,1.198577724868411
2,0.0,0.0,0.0,0.0,0.3071758151078934
3,0.0,0.0,0.0,0.0,0.0
