iteration,A_top,A_bot,omega_top,omega_bot,error
1,0.24085293965560278,0.26678102076743965,-10.379777816184292,9.370981461905863,1.3852105440208031
2,0.0,0.0,0.0,0.0,0.21445001309751846
3,0.0,0.0,0.0,0.0,0.0
