iteration,A_top,A_bot,omega_top,omega_bot,error
1,0.2328868496491941,0.25885332745005346,-10.734826821548063,9.657978997710133,1.4054273499628873
2,0.0,0.0,0.0,0.0,0.27477734077483223
3,0.0,0.0,0.0,0.0,0.0
