iteration,vortex_area,omega_value,error,psi_min,residual_norm
1,0.007812457430168799,-128.00069746791485,0.01343267477515806,-0.1083997367001742,0.08719478241412691
2,0.016104067134388646,-62.09611470537146,0.00563369054969581,-0.08319166735430743,0.06437476991653945
3,0.021191338396199903,-47.18909118922489,0.0036515337299100168,-0.07561202509544289,0.05886078093916747
4,0.025208967130138954,-39.668424130095964,0.002235991745702812,-0.06922364784767128,0.054979865992110494
5,0.027671364006221603,-36.1384426071357,0.001419232315585408,-0.0654204263568937,0.053417815280828874
6,0.02958421320095357,-33.80181156779142,0.0008946411076228149,-0.061476528129059474,0.05184891564080267
