iteration,vortex_area,omega_value,error,psi_min,residual_norm
1,0.007812457430168827,-128.0006974679144,0.013432674775144733,-0.1083997367002286,0.08719478241412659
2,0.01610406713438825,-62.09611470537298,0.0056336905496911045,-0.08319166735438145,0.06437476991653943
3,0.02119133839619911,-47.18909118922666,0.003651533729906783,-0.07561202509552714,0.058860780939166996
4,0.025208967130136126,-39.66842413010041,0.002235991745698506,-0.06922364784776136,0.05497986599210738
5,0.02767136400620656,-36.13844260715535,0.0014192323155758056,-0.06542042635699387,0.05341781528082702
6,0.029584213200941952,-33.80181156780469,0.0008946411076231946,-0.06147652812913099,0.05184891564079669
