solver,case,grid,gamma,degree,vertices,cells,dofs,iterations,error_final,vortex_area,omega_value,psi_min,final_residual,circulation
solve.py,one_vortex,d_0.2,-1.0,3,4370,8432,38404,6,0.0008946411076228149,0.030306576945333633,-32.9961381585185,-0.061476528129059474,0.05133601511022904,-0.9789669754402308
