iteration,A_top,A_bot,omega_top,omega_bot,error
1,0.23273813533581994,0.2662022811988414,-4.296674451555139,3.756541812851874,1.369211769694974
2,0.0,0.0,0.0,0.0,0.0903712519268512
3,0.0,0.0,0.0,0.0,0.0
