iteration,A_top,A_bot,omega_top,omega_bot,error
1,0.2470381017398461,0.26059321481257297,-10.119896414330169,9.593496138408979,1.4200797666959437
2,0.0,0.0,0.0,0.0,0.21380641870388845
3,0.0,0.0,0.0,0.0,0.0
