solver,case,grid,gamma,degree,vertices,cells,dofs,iterations,error_final,vortex_area,omega_value,psi_min,final_residual,circulation
solve.py,one_vortex,d_0.5,-2.5,1,4828,9312,4828,16,0.0003020102064507916,0.16918118093919662,-14.777057271508792,-0.13434726485470533,0.20025024155879004,-2.3793385380867207
